"ENTREZID","SYMBOL","GENENAME"
"100101467","ZSCAN30","zinc finger and SCAN domain containing 30"
"100128124","HGC6.3","uncharacterized LOC100128124"
"100130987","LOC100130987","uncharacterized LOC100130987"
"100170220","SNAR-E","small NF90 (ILF3) associated RNA E"
"100188947","HECTD2-AS1","HECTD2 antisense RNA 1"
"10020","GNE","glucosamine (UDP-N-acetyl)-2-epimerase/N-acetylmannosamine kinase"
"100287010","LOC100287010","uncharacterized LOC100287010"
"100302152","MIR548N","microRNA 548n"
"100303755","PET117","PET117 cytochrome c oxidase chaperone"
"100313884","MIR548H4","microRNA 548h-4"
"100329167","AAA1","aortic aneurysm, familial abdominal 1"
"100505385","IQCJ-SCHIP1","IQCJ-SCHIP1 readthrough"
"100505741","SPATA1","spermatogenesis associated 1"
"100505967","LINC00645","long intergenic non-protein coding RNA 645"
"100506443","ITPKB-IT1","ITPKB intronic transcript 1"
"100506783","HOXD-AS2","HOXD cluster antisense RNA 2"
"100507303","SNHG19","small nucleolar RNA host gene 19"
"100507582","BHLHE40-AS1","BHLHE40 antisense RNA 1"
"100528031","FKBP1A-SDCBP2","FKBP1A-SDCBP2 readthrough (NMD candidate)"
"100529207","RAD51L3-RFFL","RAD51L3-RFFL readthrough"
"100533975","SLMO2-ATP5E","SLMO2-ATP5E readthrough"
"100616332","MIR4716","microRNA 4716"
"100775107","RBM5-AS1","RBM5 antisense RNA 1"
"100873065","PTCHD1-AS","PTCHD1 and PHEX antisense RNA"
"100874089","RUVBL1-AS1","RUVBL1 antisense RNA 1"
"10095","ARPC1B","actin related protein 2/3 complex subunit 1B"
"100996928","FMC1-LUC7L2","FMC1-LUC7L2 readthrough"
"10114","HIPK3","homeodomain interacting protein kinase 3"
"1012","CDH13","cadherin 13"
"10126","DNAL4","dynein axonemal light chain 4"
"10168","ZNF197","zinc finger protein 197"
"10171","RCL1","RNA terminal phosphate cyclase like 1"
"10181","RBM5","RNA binding motif protein 5"
"101927465","CLYBL-AS1","CLYBL antisense RNA 1"
"101928248","LINC01229","long intergenic non-protein coding RNA 1229"
"101928622","LOC101928622","uncharacterized LOC101928622"
"102","ADAM10","ADAM metallopeptidase domain 10"
"102467146","MAFTRR","MAF transcriptional regulator RNA"
"10267","RAMP1","receptor activity modifying protein 1"
"10381","TUBB3","tubulin beta 3 class III"
"10398","MYL9","myosin light chain 9"
"10456","HAX1","HCLS1 associated protein X-1"
"10526","IPO8","importin 8"
"10535","RNASEH2A","ribonuclease H2 subunit A"
"10537","UBD","ubiquitin like modifier D"
"10556","RPP30","ribonuclease P/MRP subunit p30"
"10617","STAMBP","STAM binding protein"
"10631","POSTN","periostin"
"10667","FARS2","phenylalanyl-tRNA synthetase 2, mitochondrial"
"10737","RFPL3S","RFPL3 antisense"
"10758","TRAF3IP2","TRAF3 interacting protein 2"
"10777","ARPP21","cAMP regulated phosphoprotein 21"
"10778","ZNF271P","zinc finger protein 271, pseudogene"
"10814","CPLX2","complexin 2"
"10845","CLPX","caseinolytic mitochondrial matrix peptidase chaperone subunit X"
"10861","SLC26A1","solute carrier family 26 member 1"
"10869","USP19","ubiquitin specific peptidase 19"
"10891","PPARGC1A","PPARG coactivator 1 alpha"
"10901","DHRS4","dehydrogenase/reductase 4"
"10919","EHMT2","euchromatic histone lysine methyltransferase 2"
"10922","FASTK","Fas activated serine/threonine kinase"
"10957","PNRC1","proline rich nuclear receptor coactivator 1"
"11020","IFT27","intraflagellar transport 27"
"1106","CHD2","chromodomain helicase DNA binding protein 2"
"11060","WWP2","WW domain containing E3 ubiquitin protein ligase 2"
"11097","NUP42","nucleoporin 42"
"11102","RPP14","ribonuclease P/MRP subunit p14"
"11141","IL1RAPL1","interleukin 1 receptor accessory protein like 1"
"11174","ADAMTS6","ADAM metallopeptidase with thrombospondin type 1 motif 6"
"11179","ZNF277","zinc finger protein 277"
"11189","CELF3","CUGBP Elav-like family member 3"
"11227","GALNT5","polypeptide N-acetylgalactosaminyltransferase 5"
"112885","PHF21B","PHD finger protein 21B"
"1130","LYST","lysosomal trafficking regulator"
"11311","VPS45","vacuolar protein sorting 45 homolog"
"113130","CDCA5","cell division cycle associated 5"
"11315","PARK7","Parkinsonism associated deglycase"
"11338","U2AF2","U2 small nuclear RNA auxiliary factor 2"
"114804","RNF157","ring finger protein 157"
"114818","KLHL29","kelch like family member 29"
"115024","NT5C3B","5'-nucleotidase, cytosolic IIIB"
"115106","HAUS1","HAUS augmin like complex subunit 1"
"115294","PCMTD1","protein-L-isoaspartate (D-aspartate) O-methyltransferase domain containing 1"
"115330","GPR146","G protein-coupled receptor 146"
"116","ADCYAP1","adenylate cyclase activating polypeptide 1"
"116372","LYPD1","LY6/PLAUR domain containing 1"
"116449","CLNK","cytokine dependent hematopoietic cell linker"
"116987","AGAP1","ArfGAP with GTPase domain, ankyrin repeat and PH domain 1"
"116988","AGAP3","ArfGAP with GTPase domain, ankyrin repeat and PH domain 3"
"117584","RFFL","ring finger and FYVE like domain containing E3 ubiquitin protein ligase"
"1182","CLCN3","chloride voltage-gated channel 3"
"118490","MSS51","MSS51 mitochondrial translational activator"
"118663","BTBD16","BTB domain containing 16"
"119","ADD2","adducin 2"
"120066","OR5P3","olfactory receptor family 5 subfamily P member 3"
"120376","POU2AF3","POU class 2 homeobox associating factor 3"
"122416","ANKRD9","ankyrin repeat domain 9"
"123624","AGBL1","AGBL carboxypeptidase 1"
"124245","ZC3H18","zinc finger CCCH-type containing 18"
"127687","C1orf122","chromosome 1 open reading frame 122"
"1284","COL4A2","collagen type IV alpha 2 chain"
"1290","COL5A2","collagen type V alpha 2 chain"
"129446","XIRP2","xin actin binding repeat containing 2"
"129531","MITD1","microtubule interacting and trafficking domain containing 1"
"129880","BBS5","Bardet-Biedl syndrome 5"
"1305","COL13A1","collagen type XIII alpha 1 chain"
"130535","KCTD18","potassium channel tetramerization domain containing 18"
"1316","KLF6","KLF transcription factor 6"
"132204","SYNPR","synaptoporin"
"133015","PACRGL","parkin coregulated like"
"133584","EGFLAM","EGF like, fibronectin type III and laminin G domains"
"134111","UBE2QL1","ubiquitin conjugating enzyme E2 QL1"
"134548","SOWAHA","sosondowah ankyrin repeat domain family member A"
"1347","COX7A2","cytochrome c oxidase subunit 7A2"
"1351","COX8A","cytochrome c oxidase subunit 8A"
"135892","TRIM50","tripartite motif containing 50"
"137695","TMEM68","transmembrane protein 68"
"1387","CREBBP","CREB binding lysine acetyltransferase"
"1400","CRMP1","collapsin response mediator protein 1"
"140735","DYNLL2","dynein light chain LC8-type 2"
"142685","ASB15","ankyrin repeat and SOCS box containing 15"
"1431","CS","citrate synthase"
"1441","CSF3R","colony stimulating factor 3 receptor"
"145282","MIPOL1","mirror-image polydactyly 1"
"145483","FAM161B","FAM161 centrosomal protein B"
"145501","ISM2","isthmin 2"
"145567","TTC7B","tetratricopeptide repeat domain 7B"
"145773","FAM81A","family with sequence similarity 81 member A"
"145781","GCOM1","GCOM1, MYZAP-POLR2M combined locus"
"146050","ZSCAN29","zinc finger and SCAN domain containing 29"
"146057","TTBK2","tau tubulin kinase 2"
"146664","MGAT5B","alpha-1,6-mannosylglycoprotein 6-beta-N-acetylglucosaminyltransferase B"
"146705","TEPSIN","TEPSIN adaptor related protein complex 4 accessory protein"
"146712","QTGAL","queuosine-tRNA galactosyltransferase"
"146852","ODF4","outer dense fiber of sperm tails 4"
"146857","SLFN13","schlafen family member 13"
"147184","KRT10-AS1","KRT10 antisense RNA 1"
"147650","SPACA6","sperm acrosome associated 6"
"147658","ZNF534","zinc finger protein 534"
"1479","CSTF3","cleavage stimulation factor subunit 3"
"149371","EXOC8","exocyst complex component 8"
"149473","CCDC24","coiled-coil domain containing 24"
"150291","MORC2-AS1","MORC2 antisense RNA 1"
"152","ADRA2C","adrenoceptor alpha 2C"
"152330","CNTN4","contactin 4"
"153769","SH3RF2","SH3 domain containing ring finger 2"
"153830","RNF145","ring finger protein 145"
"154386","LINC01600","long intergenic non-protein coding RNA 1600"
"157657","CFAP418","cilia and flagella associated protein 418"
"157680","VPS13B","vacuolar protein sorting 13 homolog B"
"157695","TDRP","testis development related protein"
"157697","ERICH1","glutamate rich 1"
"16","AARS1","alanyl-tRNA synthetase 1"
"160622","TAMALIN","trafficking regulator and scaffold protein tamalin"
"161436","EML5","EMAP like 5"
"1616","DAXX","death domain associated protein"
"163126","EID2","EP300 interacting inhibitor of differentiation 2"
"1647","GADD45A","growth arrest and DNA damage inducible alpha"
"166647","ADGRA3","adhesion G protein-coupled receptor A3"
"166815","TIGD2","tigger transposable element derived 2"
"167153","TENT2","terminal nucleotidyltransferase 2"
"167681","PRSS35","serine protease 35"
"1687","GSDME","gasdermin E"
"171425","CLYBL","citramalyl-CoA lyase"
"1718","DHCR24","24-dehydrocholesterol reductase"
"1741","DLG3","discs large MAGUK scaffold protein 3"
"178","AGL","amylo-alpha-1,6-glucosidase and 4-alpha-glucanotransferase"
"1793","DOCK1","dedicator of cytokinesis 1"
"1811","SLC26A3","solute carrier family 26 member 3"
"1813","DRD2","dopamine receptor D2"
"1870","E2F2","E2F transcription factor 2"
"1876","E2F6","E2F transcription factor 6"
"196403","DTX3","deltex E3 ubiquitin ligase 3"
"1967","EIF2B1","eukaryotic translation initiation factor 2B subunit alpha"
"196993","CT62","cancer/testis associated 62"
"196996","GRAMD2A","GRAM domain containing 2A"
"197135","PATL2","PAT1 homolog 2"
"197335","WDR90","WD repeat domain 90"
"1977","EIF4E","eukaryotic translation initiation factor 4E"
"1979","EIF4EBP2","eukaryotic translation initiation factor 4E binding protein 2"
"1983","EIF5","eukaryotic translation initiation factor 5"
"200312","RNF215","ring finger protein 215"
"2017","CTTN","cortactin"
"201725","C4orf46","chromosome 4 open reading frame 46"
"202559","KHDRBS2","KH RNA binding domain containing, signal transduction associated 2"
"2038","EPB42","erythrocyte membrane protein band 4.2"
"2040","STOM","stomatin"
"2045","EPHA7","EPH receptor A7"
"2110","ETFDH","electron transfer flavoprotein dehydrogenase"
"2138","EYA1","EYA transcriptional coactivator and phosphatase 1"
"2173","FABP7","fatty acid binding protein 7"
"219873","OR10S1","olfactory receptor family 10 subfamily S member 1"
"219954","OR9I1","olfactory receptor family 9 subfamily I member 1"
"219956","OR9Q1","olfactory receptor family 9 subfamily Q member 1"
"221178","SPATA13","spermatogenesis associated 13"
"221527","ZBTB12","zinc finger and BTB domain containing 12"
"2218","FKTN","fukutin"
"221935","SDK1","sidekick cell adhesion molecule 1"
"2241","FER","FER tyrosine kinase"
"2244","FGB","fibrinogen beta chain"
"2257","FGF12","fibroblast growth factor 12"
"2259","FGF14","fibroblast growth factor 14"
"2280","FKBP1A","FKBP prolyl isomerase 1A"
"22801","ITGA11","integrin subunit alpha 11"
"22864","R3HDM2","R3H domain containing 2"
"22916","NCBP2","nuclear cap binding protein subunit 2"
"22931","RAB18","RAB18, member RAS oncogene family"
"22941","SHANK2","SH3 and multiple ankyrin repeat domains 2"
"22985","ACIN1","apoptotic chromatin condensation inducer 1"
"22995","CEP152","centrosomal protein 152"
"22999","RIMS1","regulating synaptic membrane exocytosis 1"
"23014","FBXO21","F-box protein 21"
"23022","PALLD","palladin, cytoskeletal associated protein"
"23024","PDZRN3","PDZ domain containing ring finger 3"
"23036","ZNF292","zinc finger protein 292"
"23040","MYT1L","myelin transcription factor 1 like"
"23081","KDM4C","lysine demethylase 4C"
"23093","TTLL5","tubulin tyrosine ligase like 5"
"23136","EPB41L3","erythrocyte membrane protein band 4.1 like 3"
"23150","FRMD4B","FERM domain containing 4B"
"23155","CLCC1","chloride channel CLIC like 1"
"23168","RTF1","RTF1 homolog, Paf1/RNA polymerase II complex component"
"23175","LPIN1","lipin 1"
"23199","GSE1","Gse1 coiled-coil protein"
"23228","PLCL2","phospholipase C like 2"
"23265","EXOC7","exocyst complex component 7"
"23325","WASHC4","WASH complex subunit 4"
"23327","NEDD4L","NEDD4 like E3 ubiquitin protein ligase"
"23332","CLASP1","cytoplasmic linker associated protein 1"
"23373","CRTC1","CREB regulated transcription coactivator 1"
"23389","MED13L","mediator complex subunit 13L"
"23394","ADNP","activity dependent neuroprotector homeobox"
"23432","GPR161","G protein-coupled receptor 161"
"23464","GCAT","glycine C-acetyltransferase"
"23492","CBX7","chromobox 7"
"23505","TMEM131","transmembrane protein 131"
"23506","BICRAL","BICRA like chromatin remodeling complex associated protein"
"23514","SPIDR","scaffold protein involved in DNA repair"
"23517","MTREX","Mtr4 exosome RNA helicase"
"23547","LILRA4","leukocyte immunoglobulin like receptor A4"
"2355","FOSL2","FOS like 2, AP-1 transcription factor subunit"
"23559","WBP1","WW domain binding protein 1"
"23562","CLDN14","claudin 14"
"23576","DDAH1","dimethylarginine dimethylaminohydrolase 1"
"23654","PLXNB2","plexin B2"
"23788","MTCH2","mitochondrial carrier 2"
"2534","FYN","FYN proto-oncogene, Src family tyrosine kinase"
"253559","CADM2","cell adhesion molecule 2"
"254102","EHBP1L1","EH domain binding protein 1 like 1"
"254773","LYG2","lysozyme g2"
"255426","RASGEF1C","RasGEF domain family member 1C"
"257019","FRMD3","FERM domain containing 3"
"257160","RNF214","ring finger protein 214"
"25776","CBY1","chibby 1, beta catenin antagonist"
"25833","POU2F3","POU class 2 homeobox 3"
"25849","PARM1","prostate androgen-regulated mucin-like protein 1"
"2585","GALK2","galactokinase 2"
"25862","USP49","ubiquitin specific peptidase 49"
"259230","SGMS1","sphingomyelin synthase 1"
"25960","ADGRA2","adhesion G protein-coupled receptor A2"
"25998","IBTK","inhibitor of Bruton tyrosine kinase"
"26020","LRP10","LDL receptor related protein 10"
"26031","OSBPL3","oxysterol binding protein like 3"
"26053","AUTS2","activator of transcription and developmental regulator AUTS2"
"26057","ANKRD17","ankyrin repeat domain 17"
"26074","CFAP61","cilia and flagella associated protein 61"
"26093","CCDC9","coiled-coil domain containing 9"
"26115","TANC2","tetratricopeptide repeat, ankyrin repeat and coiled-coil containing 2"
"26119","LDLRAP1","low density lipoprotein receptor adaptor protein 1"
"26207","PITPNC1","phosphatidylinositol transfer protein cytoplasmic 1"
"26234","FBXL5","F-box and leucine rich repeat protein 5"
"26235","FBXL4","F-box and leucine rich repeat protein 4"
"26275","HIBCH","3-hydroxyisobutyryl-CoA hydrolase"
"2632","GBE1","1,4-alpha-glucan branching enzyme 1"
"26528","DAZAP1","DAZ associated protein 1"
"26788","SNORD60","small nucleolar RNA, C/D box 60"
"26801","SNORD48","small nucleolar RNA, C/D box 48"
"27086","FOXP1","forkhead box P1"
"27107","ZBTB11","zinc finger and BTB domain containing 11"
"27109","DMAC2L","distal membrane arm assembly component 2 like"
"27153","ZNF777","zinc finger protein 777"
"27229","TUBGCP4","tubulin gamma complex component 4"
"27244","SESN1","sestrin 1"
"27252","KLHL20","kelch like family member 20"
"2790","GNG10","G protein subunit gamma 10"
"2794","GNL1","G protein nucleolar 1 (putative)"
"2804","GOLGB1","golgin B1"
"283685","GOLGA6L2","golgin A6 family like 2"
"283932","FBXL19-AS1","FBXL19 antisense RNA 1"
"283933","ZNF843","zinc finger protein 843"
"284058","KANSL1","KAT8 regulatory NSL complex subunit 1"
"284184","NDUFAF8","NADH:ubiquinone oxidoreductase complex assembly factor 8"
"284369","SIGLECL1","SIGLEC family like 1"
"284904","SEC14L4","SEC14 like lipid binding 4"
"285194","TUSC7","tumor suppressor candidate 7"
"286365","OR13D1","olfactory receptor family 13 subfamily D member 1"
"288","ANK3","ankyrin 3"
"28968","SLC6A16","solute carrier family 6 member 16"
"28974","C19orf53","chromosome 19 open reading frame 53"
"28990","ASTE1","asteroid structure-specific endonuclease 1"
"29063","ZCCHC4","zinc finger CCHC-type containing 4"
"29070","CFAP263","cilia and flagella associated protein 263"
"29081","METTL5","methyltransferase 5, N6-adenosine"
"29119","CTNNA3","catenin alpha 3"
"2913","GRM3","glutamate metabotropic receptor 3"
"2967","GTF2H3","general transcription factor IIH subunit 3"
"29760","BLNK","B cell linker"
"29850","TRPM5","transient receptor potential cation channel subfamily M member 5"
"29967","LRP12","LDL receptor related protein 12"
"29970","SCHIP1","schwannomin interacting protein 1"
"29988","SLC2A8","solute carrier family 2 member 8"
"307","ANXA4","annexin A4"
"3091","HIF1A","hypoxia inducible factor 1 subunit alpha"
"3097","HIVEP2","HIVEP zinc finger 2"
"3122","HLA-DRA","major histocompatibility complex, class II, DR alpha"
"3131","HLF","HLF transcription factor, PAR bZIP family member"
"3146","HMGB1","high mobility group box 1"
"3149","HMGB3","high mobility group box 3"
"317719","KLHL10","kelch like family member 10"
"3221","HOXC4","homeobox C4"
"3222","HOXC5","homeobox C5"
"3223","HOXC6","homeobox C6"
"3239","HOXD13","homeobox D13"
"3293","HSD17B3","hydroxysteroid 17-beta dehydrogenase 3"
"3355","HTR1F","5-hydroxytryptamine receptor 1F"
"3358","HTR2C","5-hydroxytryptamine receptor 2C"
"338872","C1QTNF9","C1q and TNF related 9"
"339501","PRSS38","serine protease 38"
"339751","MAP3K20-AS1","MAP3K20 antisense RNA 1"
"339768","ESPNL","espin like"
"339789","LINC00299","long intergenic non-protein coding RNA 299"
"340273","ABCB5","ATP binding cassette subfamily B member 5"
"3425","IDUA","alpha-L-iduronidase"
"344148","NCKAP5","NCK associated protein 5"
"344191","EVX2","even-skipped homeobox 2"
"344558","SH3RF3","SH3 domain containing ring finger 3"
"3486","IGFBP3","insulin like growth factor binding protein 3"
"3490","IGFBP7","insulin like growth factor binding protein 7"
"3516","RBPJ","recombination signal binding protein for immunoglobulin kappa J region"
"3574","IL7","interleukin 7"
"3600","IL15","interleukin 15"
"3622","ING2","inhibitor of growth family member 2"
"3631","INPP4A","inositol polyphosphate-4-phosphatase type I A"
"3652","IPP","intracisternal A particle-promoted polypeptide"
"3658","IREB2","iron responsive element binding protein 2"
"3707","ITPKB","inositol-trisphosphate 3-kinase B"
"374355","CCDC172","coiled-coil domain containing 172"
"374470","C12orf42","chromosome 12 open reading frame 42"
"374569","ASPG","asparaginase"
"375035","SFT2D2","SFT2 domain containing 2"
"375775","PNPLA7","patatin like domain 7, lysophospholipase"
"3761","KCNJ4","potassium inwardly rectifying channel subfamily J member 4"
"377677","CA13","carbonic anhydrase 13"
"3800","KIF5C","kinesin family member 5C"
"3814","KISS1","KiSS-1 metastasis suppressor"
"3831","KLC1","kinesin light chain 1"
"3832","KIF11","kinesin family member 11"
"3849","KRT2","keratin 2"
"387","RHOA","ras homolog family member A"
"387119","CEP85L","centrosomal protein 85L"
"387129","NPSR1","neuropeptide S receptor 1"
"387755","INSC","INSC spindle orientation adaptor protein"
"39","ACAT2","acetyl-CoA acetyltransferase 2"
"391","RHOG","ras homolog family member G"
"3913","LAMB2","laminin subunit beta 2"
"3955","LFNG","LFNG O-fucosylpeptide 3-beta-N-acetylglucosaminyltransferase"
"3993","LLGL2","LLGL scribble cell polarity complex component 2"
"399948","COLCA1","colorectal cancer associated 1"
"4000","LMNA","lamin A/C"
"4057","LTF","lactotransferrin"
"4061","LY6E","lymphocyte antigen 6 family member E"
"406952","MIR17","microRNA 17"
"406953","MIR18A","microRNA 18a"
"407028","MIR302A","microRNA 302a"
"407738","TAFA1","TAFA chemokine like family member 1"
"407975","MIR17HG","miR-17-92a-1 cluster host gene"
"408","ARRB1","arrestin beta 1"
"4091","SMAD6","SMAD family member 6"
"414777","HCG18","HLA complex group 18"
"4163","MCC","MCC regulator of Wnt signaling pathway"
"4175","MCM6","minichromosome maintenance complex component 6"
"421","ARVCF","ARVCF delta catenin family member"
"432","ASGR1","asialoglycoprotein receptor 1"
"4361","MRE11","MRE11 double strand break repair nuclease"
"440944","THUMPD3-AS1","THUMPD3 antisense RNA 1"
"442894","MIR302B","microRNA 302b"
"442895","MIR302C","microRNA 302c"
"442896","MIR302D","microRNA 302d"
"442900","MIR326","microRNA 326"
"442912","MIR367","microRNA 367"
"4482","MSRA","methionine sulfoxide reductase A"
"4548","MTR","5-methyltetrahydrofolate-homocysteine methyltransferase"
"4597","MVD","mevalonate diphosphate decarboxylase"
"4600","MX2","MX dynamin like GTPase 2"
"4683","NBN","nibrin"
"4698","NDUFA5","NADH:ubiquinone oxidoreductase subunit A5"
"473","RERE","arginine-glutamic acid dipeptide repeats"
"478","ATP1A3","ATPase Na+/K+ transporting subunit alpha 3"
"48","ACO1","aconitase 1"
"4810","NHS","NHS actin remodeling regulator"
"4815","NINJ2","ninjurin 2"
"482","ATP1B2","ATPase Na+/K+ transporting subunit beta 2"
"4915","NTRK2","neurotrophic receptor tyrosine kinase 2"
"493","ATP2B4","ATPase plasma membrane Ca2+ transporting 4"
"498","ATP5F1A","ATP synthase F1 subunit alpha"
"4983","OPHN1","oligophrenin 1"
"4999","ORC2","origin recognition complex subunit 2"
"5028","P2RY1","purinergic receptor P2Y1"
"50487","PLA2G3","phospholipase A2 group III"
"50854","SNHG32","small nucleolar RNA host gene 32"
"5097","PCDH1","protocadherin 1"
"51004","COQ6","coenzyme Q6, monooxygenase"
"51012","PRELID3B","PRELI domain containing 3B"
"51059","FAM135B","family with sequence similarity 135 member B"
"51121","RPL26L1","ribosomal protein L26 like 1"
"51128","SAR1B","secretion associated Ras related GTPase 1B"
"5125","PCSK5","proprotein convertase subtilisin/kexin type 5"
"51263","MRPL30","mitochondrial ribosomal protein L30"
"51272","BET1L","Bet1 golgi vesicular membrane trafficking protein like"
"51290","ERGIC2","ERGIC and golgi 2"
"5130","PCYT1A","phosphate cytidylyltransferase 1A, choline"
"51314","NME8","NME/NM23 family member 8"
"51368","TEX264","testis expressed 264, ER-phagy receptor"
"5139","PDE3A","phosphodiesterase 3A"
"51454","GULP1","GULP PTB domain containing engulfment adaptor 1"
"51466","EVL","Enah/Vasp-like"
"5147","PDE6D","phosphodiesterase 6D"
"51490","SPOUT1","SPOUT domain containing methyltransferase 1"
"51555","PEX5L","peroxisomal biogenesis factor 5 like"
"51574","LARP7","La ribonucleoprotein 7, transcriptional regulator"
"51582","AZIN1","antizyme inhibitor 1"
"51606","ATP6V1H","ATPase H+ transporting V1 subunit H"
"51631","LUC7L2","LUC7 like 2, pre-mRNA splicing factor"
"51663","ZFR","zinc finger RNA binding protein"
"51776","MAP3K20","mitogen-activated protein kinase kinase kinase 20"
"5184","PEPD","peptidase D"
"5209","PFKFB3","6-phosphofructo-2-kinase/fructose-2,6-biphosphatase 3"
"521","ATP5ME","ATP synthase membrane subunit e"
"5243","ABCB1","ATP binding cassette subfamily B member 1"
"5261","PHKG2","phosphorylase kinase catalytic subunit gamma 2"
"5281","PIGF","phosphatidylinositol glycan anchor biosynthesis class F"
"5319","PLA2G1B","phospholipase A2 group IB"
"5329","PLAUR","plasminogen activator, urokinase receptor"
"53353","LRP1B","LDL receptor related protein 1B"
"5339","PLEC","plectin"
"53630","BCO1","beta-carotene oxygenase 1"
"54039","PCBP3","poly(rC) binding protein 3"
"54058","C21orf58","chromosome 21 open reading frame 58"
"54207","KCNK10","potassium two pore domain channel subfamily K member 10"
"54454","ATAD2B","ATPase family AAA domain containing 2B"
"54475","NLE1","notchless homolog 1"
"54509","RHOF","ras homolog family member F, filopodia associated"
"54517","PUS7","pseudouridine synthase 7"
"54529","ASNSD1","asparagine synthetase domain containing 1"
"54538","ROBO4","roundabout guidance receptor 4"
"54556","ING3","inhibitor of growth family member 3"
"54620","FBXL19","F-box and leucine rich repeat protein 19"
"54682","MANSC1","MANSC domain containing 1"
"54820","NDE1","nudE neurodevelopment protein 1"
"54851","ANKRD49","ankyrin repeat domain 49"
"54852","PAQR5","progestin and adipoQ receptor family member 5"
"54881","TEX10","testis expressed 10"
"54898","ELOVL2","ELOVL fatty acid elongase 2"
"54934","KANSL2","KAT8 regulatory NSL complex subunit 2"
"5494","PPM1A","protein phosphatase, Mg2+/Mn2+ dependent 1A"
"55032","SLC35A5","solute carrier family 35 member A5"
"55054","ATG16L1","autophagy related 16 like 1"
"55074","OXR1","oxidation resistance 1"
"55103","RALGPS2","Ral GEF with PH domain and SH3 binding motif 2"
"55107","ANO1","anoctamin 1"
"55124","PIWIL2","piwi like RNA-mediated gene silencing 2"
"55201","MAP1S","microtubule associated protein 1S"
"55209","SETD5","SET domain containing 5"
"55280","CWF19L1","CWF19 like cell cycle control factor 1"
"552891","DNAJC25-GNG10","DNAJC25-GNG10 readthrough"
"55351","STK32B","serine/threonine kinase 32B"
"55374","TMCO6","transmembrane and coiled-coil domains 6"
"55449","DHRS4-AS1","DHRS4 antisense RNA 1"
"55504","TNFRSF19","TNF receptor superfamily member 19"
"55506","MACROH2A2","macroH2A.2 histone"
"55510","DDX43","DEAD-box helicase 43"
"55553","SOX6","SRY-box transcription factor 6"
"55567","DNAH3","dynein axonemal heavy chain 3"
"55568","GALNT10","polypeptide N-acetylgalactosaminyltransferase 10"
"55614","KIF16B","kinesin family member 16B"
"55628","ZNF407","zinc finger protein 407"
"55687","TRMU","tRNA mitochondrial 2-thiouridylase"
"55691","FRMD4A","FERM domain containing 4A"
"5570","PKIB","cAMP-dependent protein kinase inhibitor beta"
"55728","N4BP2","NEDD4 binding protein 2"
"55734","ZFP64","ZFP64 zinc finger protein"
"55769","ZNF83","zinc finger protein 83"
"55819","RNF130","ring finger protein 130"
"55974","SLC50A1","solute carrier family 50 member 1"
"5600","MAPK11","mitogen-activated protein kinase 11"
"5608","MAP2K6","mitogen-activated protein kinase kinase 6"
"56140","PCDHA8","protocadherin alpha 8"
"56141","PCDHA7","protocadherin alpha 7"
"56142","PCDHA6","protocadherin alpha 6"
"56143","PCDHA5","protocadherin alpha 5"
"56144","PCDHA4","protocadherin alpha 4"
"56145","PCDHA3","protocadherin alpha 3"
"56146","PCDHA2","protocadherin alpha 2"
"56147","PCDHA1","protocadherin alpha 1"
"56479","KCNQ5","potassium voltage-gated channel subfamily Q member 5"
"56658","TRIM39","tripartite motif containing 39"
"56681","SAR1A","secretion associated Ras related GTPase 1A"
"56751","BARHL1","BarH like homeobox 1"
"56829","ZC3HAV1","zinc finger CCCH-type containing, antiviral 1"
"56893","UBQLN4","ubiquilin 4"
"56894","AGPAT3","1-acylglycerol-3-phosphate O-acyltransferase 3"
"5690","PSMB2","proteasome 20S subunit beta 2"
"56916","SMARCAD1","SNF2 related chromatin remodeling ATPase with DExD box 1"
"56934","CA10","carbonic anhydrase 10"
"56987","BBX","BBX high mobility group box domain containing"
"56990","CDC42SE2","CDC42 small effector 2"
"57158","JPH2","junctophilin 2"
"57171","DOLPP1","dolichyldiphosphatase 1"
"57205","ATP10D","ATPase phospholipid transporting 10D (putative)"
"57211","ADGRG6","adhesion G protein-coupled receptor G6"
"57217","TTC7A","tetratricopeptide repeat domain 7A"
"5725","PTBP1","polypyrimidine tract binding protein 1"
"57332","CBX8","chromobox 8"
"57338","JPH3","junctophilin 3"
"57418","WDR18","WD repeat domain 18"
"57451","TENM2","teneurin transmembrane protein 2"
"57459","GATAD2B","GATA zinc finger domain containing 2B"
"57475","PLEKHH1","pleckstrin homology, MyTH4 and FERM domain containing H1"
"57489","ODF2L","outer dense fiber of sperm tails 2 like"
"57494","RIMKLB","ribosomal modification protein rimK like family member B"
"57559","STAMBPL1","STAM binding protein like 1"
"57579","FAM135A","family with sequence similarity 135 member A"
"57595","PDZD4","PDZ domain containing 4"
"57633","LRRN1","leucine rich repeat neuronal 1"
"57704","GBA2","glucosylceramidase beta 2"
"57713","SFMBT2","Scm like with four mbt domains 2"
"5789","PTPRD","protein tyrosine phosphatase receptor type D"
"58495","OVOL2","ovo like zinc finger 2"
"587","BCAT2","branched chain amino acid transaminase 2"
"5890","RAD51B","RAD51 paralog B"
"5901","RAN","RAN, member RAS oncogene family"
"59344","ALOXE3","arachidonate epidermal lipoxygenase 3"
"594855","CPLX3","complexin 3"
"6014","RIT2","Ras like without CAAX 2"
"604","BCL6","BCL6 transcription repressor"
"60626","RIC8A","RIC8 guanine nucleotide exchange factor A"
"6098","ROS1","ROS proto-oncogene 1, receptor tyrosine kinase"
"6157","RPL27A","ribosomal protein L27a"
"6182","MRPL12","mitochondrial ribosomal protein L12"
"619562","SNORA3A","small nucleolar RNA, H/ACA box 3A"
"6196","RPS6KA2","ribosomal protein S6 kinase A2"
"6217","RPS16","ribosomal protein S16"
"6222","RPS18","ribosomal protein S18"
"6251","RSU1","Ras suppressor protein 1"
"6261","RYR1","ryanodine receptor 1"
"6262","RYR2","ryanodine receptor 2"
"627","BDNF","brain derived neurotrophic factor"
"6293","VPS52","VPS52 subunit of GARP complex"
"6300","MAPK12","mitogen-activated protein kinase 12"
"6331","SCN5A","sodium voltage-gated channel alpha subunit 5"
"63876","PKNOX2","PBX/knotted 1 homeobox 2"
"63898","SH2D4A","SH2 domain containing 4A"
"63917","GALNT11","polypeptide N-acetylgalactosaminyltransferase 11"
"6396","SEC13","SEC13 homolog, nuclear pore and COPII component"
"63971","KIF13A","kinesin family member 13A"
"63976","PRDM16","PR/SET domain 16"
"63977","PRDM15","PR/SET domain 15"
"64080","RBKS","ribokinase"
"64089","SNX16","sorting nexin 16"
"64094","SMOC2","SPARC related modular calcium binding 2"
"64221","ROBO3","roundabout guidance receptor 3"
"64409","GALNT17","polypeptide N-acetylgalactosaminyltransferase 17"
"644192","NR2F2-AS1","NR2F2 antisense RNA 1"
"64422","ATG3","autophagy related 3"
"644246","KANSL1-AS1","KANSL1 antisense RNA 1"
"646023","ADORA2A-AS1","ADORA2A antisense RNA 1"
"646300","COL6A4P2","collagen type VI alpha 4 pseudogene 2"
"64641","EBF2","EBF transcription factor 2"
"646603","C4orf51","chromosome 4 open reading frame 51"
"647174","SERPINE3","serpin family E member 3"
"64761","PARP12","poly(ADP-ribose) polymerase family member 12"
"64778","FNDC3B","fibronectin type III domain containing 3B"
"6478","SIAH2","siah E3 ubiquitin protein ligase 2"
"64799","IQCH","IQ motif containing H"
"64854","USP46","ubiquitin specific peptidase 46"
"64924","SLC30A5","solute carrier family 30 member 5"
"65008","MRPL1","mitochondrial ribosomal protein L1"
"6506","SLC1A2","solute carrier family 1 member 2"
"65263","PYCR3","pyrroline-5-carboxylate reductase 3"
"65268","WNK2","WNK lysine deficient protein kinase 2"
"6595","SMARCA2","SWI/SNF related BAF chromatin remodeling complex subunit ATPase 2"
"6647","SOD1","superoxide dismutase 1"
"6678","SPARC","secreted protein acidic and cysteine rich"
"6697","SPR","sepiapterin reductase"
"6730","SRP68","signal recognition particle 68"
"6789","STK4","serine/threonine kinase 4"
"683","BST1","bone marrow stromal cell antigen 1"
"6869","TACR1","tachykinin receptor 1"
"6870","TACR3","tachykinin receptor 3"
"6874","TAF4","TATA-box binding protein associated factor 4"
"6877","TAF5","TATA-box binding protein associated factor 5"
"6892","TAPBP","TAP binding protein"
"692200","SNORD103C","small nucleolar RNA, C/D box 103C"
"6928","HNF1B","HNF1 homeobox B"
"6938","TCF12","transcription factor 12"
"6988","TCTA","T cell leukemia translocation altered"
"7036","TFR2","transferrin receptor 2"
"7071","KLF10","KLF transcription factor 10"
"7148","TNXB","tenascin XB"
"718","C3","complement C3"
"7227","TRPS1","transcriptional repressor GATA binding 1"
"726","CAPN5","calpain 5"
"7273","TTN","titin"
"729911","ANKRD34C-AS1","ANKRD34C antisense RNA 1"
"730051","ZNF814","zinc finger protein 814"
"7398","USP1","ubiquitin specific peptidase 1"
"7414","VCL","vinculin"
"7421","VDR","vitamin D receptor"
"7453","WARS1","tryptophanyl-tRNA synthetase 1"
"7461","CLIP2","CAP-Gly domain containing linker protein 2"
"7472","WNT2","Wnt family member 2"
"7517","XRCC3","X-ray repair cross complementing 3"
"7542","ZFPL1","zinc finger protein like 1"
"7586","ZKSCAN1","zinc finger with KRAB and SCAN domains 1"
"759","CA1","carbonic anhydrase 1"
"7620","ZNF69","zinc finger protein 69"
"7629","ZNF76","zinc finger protein 76"
"7709","ZBTB17","zinc finger and BTB domain containing 17"
"7846","TUBA1A","tubulin alpha 1a"
"7879","RAB7A","RAB7A, member RAS oncogene family"
"79029","AFG2B","AAA ATPase AFG2B"
"79161","TMEM243","transmembrane protein 243"
"7941","PLA2G7","phospholipase A2 group VII"
"79446","WDR25","WD repeat domain 25"
"7955","RNF217-AS1","RNF217 antisense RNA 1"
"79577","CDC73","cell division cycle 73"
"79585","CORO7","coronin 7"
"79596","OBI1","ORC ubiquitin ligase 1"
"79612","NAA16","N-alpha-acetyltransferase 16, NatA auxiliary subunit"
"79693","YRDC","yrdC N6-threonylcarbamoyltransferase domain containing"
"79717","PPCS","phosphopantothenoylcysteine synthetase"
"79740","ZBBX","zinc finger B-box domain containing"
"7976","FZD3","frizzled class receptor 3"
"79789","CLMN","calmin"
"79791","FBXO31","F-box protein 31"
"79792","GSDMD","gasdermin D"
"79813","EHMT1","euchromatic histone lysine methyltransferase 1"
"79858","NEK11","NIMA related kinase 11"
"79944","L2HGDH","L-2-hydroxyglutarate dehydrogenase"
"80207","OPA3","outer mitochondrial membrane lipid metabolism regulator OPA3"
"80208","SPG11","SPG11 vesicle trafficking associated, spatacsin"
"80221","ACSF2","acyl-CoA synthetase family member 2"
"80222","TARS2","threonyl-tRNA synthetase 2, mitochondrial"
"80235","PIGZ","phosphatidylinositol glycan anchor biosynthesis class Z (Gwada blood group)"
"8029","CUBN","cubilin"
"80346","REEP4","receptor accessory protein 4"
"80347","COASY","Coenzyme A synthase"
"80742","PRR3","proline rich 3"
"8099","CDK2AP1","cyclin dependent kinase 2 associated protein 1"
"8110","DPF3","double PHD fingers 3"
"81300","OR4P4","olfactory receptor family 4 subfamily P member 4"
"81442","OR6N2","olfactory receptor family 6 subfamily N member 2"
"81554","RCC1L","RCC1 like"
"81575","APOLD1","apolipoprotein L domain containing 1"
"81606","LBH","LBH regulator of Wnt signaling pathway"
"81704","DOCK8","dedicator of cytokinesis 8"
"81832","NETO1","neuropilin and tolloid like 1"
"8226","PUDP","pseudouridine 5'-phosphatase"
"8277","TKTL1","transketolase like 1"
"8317","CDC7","cell division cycle 7"
"832","CAPZB","capping actin protein of muscle Z-line subunit beta"
"83658","DYNLRB1","dynein light chain roadblock-type 1"
"83696","TRAPPC9","trafficking protein particle complex subunit 9"
"83752","LONP2","lon peptidase 2, peroxisomal"
"83932","SPRTN","SprT-like N-terminal domain"
"83943","IMMP2L","inner mitochondrial membrane peptidase subunit 2"
"84057","MND1","meiotic nuclear divisions 1"
"8408","ULK1","unc-51 like autophagy activating kinase 1"
"84217","ZMYND12","zinc finger MYND-type containing 12"
"84231","TRAF7","TNF receptor associated factor 7"
"84274","COQ5","coenzyme Q5, methyltransferase"
"84310","CHLSN","cholesin"
"8455","ATRN","attractin"
"84561","SLC12A8","solute carrier family 12 member 8"
"84626","KRABD3","KRAB domain containing 3"
"84651","SPINK7","serine peptidase inhibitor Kazal type 7"
"8468","FKBP6","FKBP prolyl isomerase family member 6 (inactive)"
"84720","PIGO","phosphatidylinositol glycan anchor biosynthesis class O"
"84727","SPSB2","splA/ryanodine receptor domain and SOCS box containing 2"
"84787","KMT5C","lysine methyltransferase 5C"
"84909","AOPEP","aminopeptidase O (putative)"
"84918","LRP11","LDL receptor related protein 11"
"84957","RELT","RELT TNF receptor"
"8497","PPFIA4","PPFI scaffold protein A4"
"84984","CEP19","centrosomal protein 19"
"8501","SLC43A1","solute carrier family 43 member 1"
"85027","SMIM3","small integral membrane protein 3"
"8522","GAS7","growth arrest specific 7"
"85371","KIAA1656","KIAA1656 protein"
"8538","BARX2","BARX homeobox 2"
"85463","ZC3H12C","zinc finger CCCH-type containing 12C"
"85477","SCIN","scinderin"
"8553","BHLHE40","basic helix-loop-helix family member e40"
"8565","YARS1","tyrosyl-tRNA synthetase 1"
"8600","TNFSF11","TNF superfamily member 11"
"8622","PDE8B","phosphodiesterase 8B"
"8629","JRK","Jrk helix-turn-helix protein"
"863","CBFA2T3","CBFA2/RUNX1 partner transcriptional co-repressor 3"
"87178","PNPT1","polyribonucleotide nucleotidyltransferase 1"
"8763","CD164","CD164 molecule"
"8803","SUCLA2","succinate-CoA ligase ADP-forming subunit beta"
"8818","DPM2","dolichyl-phosphate mannosyltransferase subunit 2, regulatory"
"8828","NRP2","neuropilin 2"
"8899","PRP4K","pre-mRNA processing factor kinase PRP4K"
"89122","TRIM4","tripartite motif containing 4"
"8913","CACNA1G","calcium voltage-gated channel subunit alpha1 G"
"8935","SKAP2","src kinase associated phosphoprotein 2"
"89797","NAV2","neuron navigator 2"
"8993","PGLYRP1","peptidoglycan recognition protein 1"
"90102","PHLDB2","pleckstrin homology like domain family B member 2"
"90411","MCFD2","multiple coagulation factor deficiency 2, ER cargo receptor complex subunit"
"90627","STARD13","StAR related lipid transfer domain containing 13"
"9093","DNAJA3","DnaJ heat shock protein family (Hsp40) member A3"
"91120","ZNF682","zinc finger protein 682"
"91133","L3MBTL4","L3MBTL histone methyl-lysine binding protein 4"
"9124","PDLIM1","PDZ and LIM domain 1"
"9162","DGKI","diacylglycerol kinase iota"
"91663","MYADM","myeloid associated differentiation marker"
"91689","SMDT1","single-pass membrane protein with aspartate rich tail 1"
"9175","MAP3K13","mitogen-activated protein kinase kinase kinase 13"
"9181","ARHGEF2","Rho/Rac guanine nucleotide exchange factor 2"
"9182","RASSF9","Ras association domain family member 9"
"92017","SNX29","sorting nexin 29"
"92181","UBTD2","ubiquitin domain containing 2"
"9228","DLGAP2","DLG associated protein 2"
"92345","NAF1","nuclear assembly factor 1 ribonucleoprotein"
"925","CD8A","CD8 subunit alpha"
"9260","PDLIM7","PDZ and LIM domain 7"
"92737","DNER","delta/notch like EGF repeat containing"
"9276","COPB2","coat protein complex I subunit beta 2"
"9306","SOCS6","suppressor of cytokine signaling 6"
"93183","PIGM","phosphatidylinositol glycan anchor biosynthesis class M"
"9320","TRIP12","thyroid hormone receptor interactor 12"
"9358","ITGBL1","integrin subunit beta like 1"
"93664","CADPS2","calcium dependent secretion activator 2"
"9379","NRXN2","neurexin 2"
"9381","OTOF","otoferlin"
"9394","HS6ST1","heparan sulfate 6-O-sulfotransferase 1"
"9419","CRIPT","CXXC repeat containing interactor of PDZ3 domain"
"9450","LY86","lymphocyte antigen 86"
"9462","RASAL2","RAS protein activator like 2"
"95","ACY1","aminoacylase 1"
"9525","VPS4B","vacuolar protein sorting 4 homolog B"
"9627","SNCAIP","synuclein alpha interacting protein"
"9644","SH3PXD2A","SH3 and PX domains 2A"
"9665","MARF1","meiosis regulator and mRNA stability factor 1"
"96764","TGS1","trimethylguanosine synthase 1"
"9686","VGLL4","vestigial like family member 4"
"9695","EDEM1","ER degradation enhancing alpha-mannosidase like protein 1"
"9698","PUM1","pumilio RNA binding family member 1"
"9709","HERPUD1","homocysteine inducible ER protein with ubiquitin like domain 1"
"9727","RAB11FIP3","RAB11 family interacting protein 3"
"9732","DOCK4","dedicator of cytokinesis 4"
"9735","KNTC1","kinetochore associated 1"
"9752","PCDHA9","protocadherin alpha 9"
"9755","TBKBP1","TBK1 binding protein 1"
"9759","HDAC4","histone deacetylase 4"
"9779","TBC1D5","TBC1 domain family member 5"
"9788","MTSS1","MTSS I-BAR domain containing 1"
"9814","SFI1","SFI1 centrin binding protein"
"9827","RGP1","RGP1 partner of RAB6A GEF complex"
"987","LRBA","LPS responsive beige-like anchor protein"
"9874","TLK1","tousled like kinase 1"
"9905","SGSM2","small G protein signaling modulator 2"
"9915","ARNT2","aryl hydrocarbon receptor nuclear translocator 2"
"9918","NCAPD2","non-SMC condensin I complex subunit D2"
"994","CDC25B","cell division cycle 25B"
